UserID,Gender,Ageyears,Handed,Height,Foot_Length,Arm_Span,Languages_spoken,Travel_to_School,Travel_time_to_School,Reaction_time,Score_in_memory_game
1,F,13,R,174,26,173,2,Car,15,0.35,27
2,F,9,R,139,21,139,6,Walk,5,0.549,0
3,M,12,R,164,30,157,2,Car,10,0.4,33
4,M,11,R,146,26,145,3,Car,1,0.37,28
5,F,10,R,159,22,150,1,Bus,6,0.296,33
6,F,11,R,151,24,151,1,Bus,5,0.551,34
7,F,12,B,160,24,160,2,Bus,35,0.469,41
8,M,15,R,171,26,169,1,Bus,20,0.116,44
9,M,14,R,169,27,159,2,Walk,6,0.369,39
10,M,10,R,147,23,146,1,Cycle,10,0.41,82
11,F,11,B,140,24,140,1,Bus,5,0.432,0
12,M,12,R,158,27,148,1,Car,2,0.51,61
13,M,14,R,154,25,154,1,Rail,30,0.32,25
14,F,14,R,167,24,168,2,Bus,50,0.49,42
15,F,17,R,180,25,188,1,Bus,40,0.531,32
16,M,14,R,180,26,178,1,Car,15,0.29,32
17,F,14,R,165,24,140,1,Car,45,0.29,30
18,M,13,R,155,23,155,1,Bus,45,0.391,0
19,M,16,R,171,24,114,1,Bus,45,0.31,31
20,M,15,L,175,26,161,2,Bus,20,0.3,73
21,M,15,R,175,11,155,1,Car,20,0.715,62
22,F,15,R,168,24,172,1,Walk,7,0.59,52
23,F,13,R,160,27,160,2,Walk,10,0.5,46
24,F,13,R,167,25,171,1,Bus,15,0.4,42
25,F,14,R,166,25,140,1,Walk,30,0.31,67
26,M,10,R,140,23,135,2,Car,5,0.63,0
27,M,14,L,165,30,165,1,Rail,60,0.36,40
28,F,18,L,170,24,166,2,Car,5,0.422,57
29,F,12,R,146,26,120,1,Bus,30,0.406,43
30,M,11,R,144,18,138,2,Bus,30,0.43,34
31,F,13,R,155,21,140,2,Bus,60,0.36,40
32,M,10,R,138,21,133,1,Car,3,0.399,49
33,M,16,R,185,26,186,1,Bus,15,0.63,85
34,F,10,R,140,20,143,1,Car,22,0.633,54
35,F,17,B,174,10,180,1,Car,4,0,41
36,F,11,R,169,26,165,2,Walk,15,0.5,46
37,F,13,L,170,23,174,2,Bus,25,0,0
38,M,13,R,153,22,148,3,Bus,15,0.57,72
39,M,15,R,167,22,169,1,Car,10,0.297,37
40,F,17,R,172,27,162,1,Car,17,0.285,51
41,M,17,R,170,25,173,1,Car,4,0.338,38
42,F,12,R,149,22,148,2,Walk,15,0.576,46
43,F,12,R,162,22,162,2,Walk,10,0.59,30
44,F,15,R,163,26,163,1,Car,25,0.73,44
45,M,12,R,149,26,149,2,Walk,30,0.79,62
46,M,13,B,168,27,168,1,Bus,45,0.34,45
47,F,13,R,155,21,164,2,Walk,30,0.37,40
48,M,16,L,163,23,160,3,Rail,30,0.383,35
49,F,12,R,160,9,152,1,Car,5,0.609,58
50,M,13,R,154,26,154,2,Bus,12,0.28,39
51,F,7,R,140,22,145,2,Car,10,0.687,33
52,F,12,R,151,22,144,1,Walk,15,0.391,0
53,F,11,R,136,20,128,1,Cycle,15,0,84
54,F,12,R,165,25,100,2,Car,20,0.37,44
55,F,14,R,165,25,162,2,Car,5,0.28,27
56,F,13,R,180,28,185,1,Car,15,0.4,40
57,F,14,R,167,26,162,1,Walk,5,0.375,0
58,F,17,R,175,25,152,1,Car,5,0.956,4
59,F,14,R,175,24,175,2,Walk,10,0.375,49
60,F,15,R,176,26,174,2,Car,10,0.32,32
61,M,20,R,149,24,146,1,Car,3,0,50
62,M,15,R,183,28,184,1,Walk,37,0.39,33
63,M,11,R,150,25,151,1,Walk,10,0.621,43
64,F,15,R,136,20,131,3,Car,15,0.65,35
65,M,7,R,152,23,151,1,Car,3,0,40
66,F,13,B,153,25,150,2,Walk,25,0.359,38
67,F,7,R,170,26,163,1,Bus,30,0.37,35
68,M,10,R,150,23,149,1,Walk,5,0.454,0
69,M,11,R,161,24,163,1,Walk,5,0,0
70,M,15,L,168,28,168,1,Bus,30,0.29,44
71,F,12,R,155,24,156,1,Walk,6,0.454,49
72,M,8,R,130,15,120,1,Car,5,0.516,0
73,M,11,R,157,20,154,1,Car,10,0.32,43
74,F,14,R,169,23,164,1,Car,10,0.54,63
75,F,16,R,155,18,122,3,Car,5,0.429,46
76,F,11,R,159,25,160,2,Bus,10,0.422,75
77,M,13,R,148,23,149,1,Bus,30,0.37,44
78,F,13,R,147,20,118,1,Walk,13,0.29,38
79,M,12,L,155,22,149,3,Rail,20,0.391,72
80,F,14,R,166,26,161,1,Rail,21,0.42,34
81,F,12,R,150,21,147,3,Bus,35,0.473,49
82,M,11,R,155,23,154,1,Car,4,0.36,27
83,M,14,R,169,28,172,1,Bus,45,0.402,0
84,F,13,R,168,22,168,1,Walk,20,0.349,38
85,F,12,R,155,21,162,1,Car,10,0.431,56
86,M,17,R,174,25,181,2,Car,10,0.531,40
87,M,15,R,174,27,174,1,Bus,10,0.28,40
88,F,14,R,151,23,157,4,Walk,10,0.298,42
89,F,12,L,149,22,148,1,Bus,15,0.379,67
90,F,17,R,170,26,176,1,Walk,3,0.34,37
91,F,18,R,180,26,175,2,Car,7,0.34,48
92,F,14,B,164,24,159,3,Bus,40,0.375,31
93,F,11,R,159,21,162,1,Bus,15,0.35,61
94,F,13,L,158,22,149,1,Bus,20,0.25,35
95,M,12,B,149,22,144,1,Bus,5,0.32,34
96,M,9,B,145,28,135,1,Walk,9,0.4,42
97,F,15,R,100,45,120,2,Car,25,0.4,52
98,F,12,R,166,22,158,1,Car,10,0.32,38
99,M,13,L,132,27,135,1,Car,5,0.42,44
100,F,11,R,150,23,174,2,Car,5,0.4,51
101,F,11,L,155,22,147,2,Bus,26,0.291,37
102,M,17,B,168,24,170,3,Car,23,0.702,48
103,F,14,R,162,21,163,1,Bus,5,0.469,0
104,M,9,R,143,22,142,2,Car,14,0.5,28
105,F,17,L,158,24,158,1,Bus,10,0,42
106,M,15,R,155,25,158,1,Bus,60,0.56,65
107,F,13,R,156,23,156,3,Car,35,0.34,27
108,F,17,R,179,25,181,1,Car,12,0.297,38
109,F,13,R,147,21,155,2,Bus,57,0,46
110,M,15,R,172,27,179,1,Bus,20,0.31,40
111,M,14,R,180,28,170,3,Bus,40,0.25,34
112,F,13,R,158,23,157,1,Car,7,0.4,45
113,M,10,R,141,21,136,1,Car,1,0.42,41
114,M,17,R,213,43,201,7,Walk,45,0.362,0
115,M,10,R,137,22,137,2,Other,10,0.4,46
116,F,17,R,152,28,155,2,Car,10,0.406,35
117,M,9,R,133,20,132,1,Bus,45,0.939,57
118,F,10,L,152,22,150,1,Car,15,0.533,0
119,F,11,R,148,22,142,2,Bus,25,0,67
120,F,10,R,137,27,136,1,Walk,15,0.46,62
121,M,11,L,155,24,155,2,Walk,4,0.43,58
122,F,18,R,168,23,168,1,Car,25,0.49,48
123,M,14,L,180,27,174,1,Rail,15,0.43,69
124,M,12,R,167,25,174,1,Bus,45,0.48,51
125,F,13,R,164,24,167,7,Bus,60,0.36,37
126,F,13,R,125,23,114,1,Car,5,0.375,0
127,M,11,R,157,25,153,1,Car,5,0.45,42
128,M,13,R,173,26,168,2,Bus,10,0.37,52
129,F,14,R,101,23,101,1,Walk,10,0.911,41
130,F,17,R,157,26,161,2,Car,15,0.551,45
131,F,14,R,172,24,172,1,Bus,30,0.291,35
132,F,14,R,167,25,156,2,Car,10,0.515,34
133,M,11,R,139,22,137,1,Bus,30,0.45,31
134,F,14,B,156,25,151,1,Car,25,1.302,0
135,F,13,R,150,14,100,2,Car,15,0.75,31
136,M,12,R,154,24,148,1,Bus,15,0.313,37
137,M,13,R,158,25,150,1,Bus,35,0.29,57
138,M,16,R,210,15,100,1,Bus,60,0,39
139,F,13,R,171,27,172,1,Car,10,0.34,38
140,M,16,R,183,22,187,1,Walk,5,0.348,0
141,M,11,B,150,22,140,2,Bus,30,0.51,54
142,F,11,R,100,23,100,2,Car,7,0.48,48
143,F,16,R,163,26,169,1,Bus,13,0.291,31
144,F,15,R,170,23,173,1,Bus,35,0.3,35
145,M,14,R,150,21,161,1,Walk,3,0.359,58
146,M,10,R,140,23,138,2,Walk,5,0.343,0
147,F,18,R,167,24,167,2,Car,12,0.781,34
148,F,11,B,137,22,139,1,Car,5,0.64,30
149,M,14,R,167,24,166,2,Car,17,0.328,49
150,M,14,R,185,28,180,1,Walk,5,0.28,29
151,M,14,R,172,30,175,2,Bus,45,0.828,0
152,F,13,R,163,23,161,1,Car,20,0.55,52
153,F,15,R,173,24,172,2,Bus,20,0.46,45
154,M,12,R,144,22,148,4,Car,3,0.391,37
155,M,12,R,154,24,150,1,Car,4,0.4,38
156,M,10,R,151,23,148,1,Car,15,0.82,0
157,F,13,R,161,22,161,2,Bus,7,0.331,27
158,F,14,R,160,26,163,1,Car,5,0.344,0
159,M,11,R,161,25,173,2,Car,15,0.423,94
160,M,11,R,150,15,120,2,Cycle,5,0.422,0
161,F,13,R,176,26,178,2,Car,5,0.695,49
162,F,10,L,147,21,147,1,Car,5,0.84,68
163,F,14,R,157,27,157,2,Car,15,0.835,48
164,M,17,L,173,28,182,2,Car,30,0.301,46
165,M,16,R,161,25,168,3,Walk,5,0,0
166,F,13,L,156,22,150,1,Bus,25,0.513,51
167,F,10,L,136,20,146,2,Car,30,0.74,139
168,F,11,R,142,19,140,1,Car,10,0.6,51
169,F,14,R,164,23,165,3,Walk,40,1.89,56
170,M,16,R,177,26,174,2,Car,10,0.346,0
171,F,13,R,165,21,166,1,Bus,15,0.282,0
172,F,12,R,149,21,149,2,Car,20,0.37,35
173,F,17,L,140,20,155,3,Bus,30,0,62
174,F,17,R,173,26,173,1,Car,4,0.356,48
175,M,12,R,145,24,145,2,Bus,25,0,36
176,F,17,R,156,23,146,1,Bus,30,0.328,37
177,M,12,L,144,17,146,2,Car,45,0.45,77
178,F,10,R,132,18,136,2,Car,3,0.608,42
179,M,14,R,168,26,174,1,Bus,15,0.453,44
180,M,12,R,152,24,150,1,Bus,20,0.01,36
181,F,11,L,151,23,146,6,Car,5,0.4,73
182,M,12,L,157,25,158,1,Bus,30,0.343,33
183,F,11,R,172,24,170,2,Walk,20,0.46,38
184,F,11,R,149,23,152,1,Bus,45,0.436,0
185,F,13,R,167,25,172,1,Bus,45,0.37,42
186,F,16,R,155,20,152,1,Bus,15,0.35,31
187,M,10,R,136,20,130,1,Car,30,0.42,54
188,M,13,R,155,18,157,2,Other,25,0.441,0
189,F,8,R,137,17,141,2,Bus,15,0,0
190,M,12,R,147,20,150,1,Car,2,0.31,54
191,F,16,R,152,20,110,1,Car,10,0.356,41
192,F,15,R,155,23,155,2,Other,5,0,76
193,M,14,R,165,27,166,1,Bus,5,0.37,62
194,F,13,R,170,23,140,1,Car,10,0.297,37
195,F,18,R,156,25,156,1,Bus,40,0.328,25
196,F,13,R,156,23,151,1,Car,5,0.866,39
197,M,14,R,178,24,180,1,Bus,24,0.32,33
198,F,13,R,156,23,156,3,Walk,25,0.21,28
199,F,11,R,151,23,152,1,Walk,5,0.4,50
200,F,12,R,146,21,135,1,Car,5,0,0
201,M,9,R,138,24,138,1,Car,5,0.39,82
202,M,17,R,178,28,188,1,Car,20,0.375,41
203,F,14,R,160,25,131,2,Car,5,0.42,30
204,F,11,R,130,21,123,2,Bus,40,0.745,39
205,F,15,R,160,24,159,1,Bus,50,0.45,56
206,F,12,R,160,24,152,1,Car,15,0,50
207,F,15,R,160,24,160,1,Walk,5,0.531,66
208,M,12,R,165,25,155,4,Car,25,0.39,58
209,F,17,R,169,24,168,1,Car,7,0.867,45
210,F,12,R,160,25,165,2,Car,20,0.35,43
211,M,11,R,143,23,143,1,Car,15,0.37,76
212,F,14,R,127,23,123,1,Bus,40,0,47
213,F,13,R,165,26,162,1,Car,2,0.33,40
214,F,14,R,160,24,164,1,Walk,25,0.484,0
215,M,12,R,173,31,163,2,Walk,45,0,50
216,F,11,R,166,24,140,2,Car,5,0.39,41
217,M,10,R,146,21,144,1,Car,10,0.5,66
218,F,16,R,168,23,174,1,Car,10,0.336,53
219,M,14,R,170,27,166,1,Car,5,0.561,0
220,F,10,B,145,20,142,1,Walk,20,1.235,56
221,F,11,R,158,23,149,5,Cycle,30,0.62,55
222,M,13,R,156,24,156,1,Walk,1,0.42,27
223,F,16,R,159,21,152,2,Bus,20,0.5,36
224,F,14,R,161,20,156,2,Bus,15,0.47,49
225,M,8,R,141,22,138,1,Cycle,7,0.4,56
226,F,15,R,159,20,160,2,Bus,15,0.266,41
227,M,9,R,128,20,120,1,Car,4,0.3,52
228,M,17,R,175,26,168,1,Car,15,0.413,39
229,M,10,L,141,22,141,1,Car,5,0.78,74
230,F,14,R,157,22,160,1,Walk,7,0.34,29
231,M,16,R,175,28,177,1,Bus,20,0.29,31
232,M,17,R,180,33,175,1,Car,10,0.359,45
233,F,12,R,158,25,147,1,Car,15,0.471,0
234,F,17,R,170,25,170,1,Car,8,0.313,38
235,F,17,R,168,25,166,1,Car,15,0.437,50
236,M,20,L,193,32,189,2,Walk,20,0.719,98
237,F,14,R,171,23,132,1,Car,25,0.36,0
238,F,13,R,171,25,157,1,Walk,5,0.437,0
239,F,15,R,165,24,164,1,Walk,11,0.421,35
240,M,13,L,151,26,151,1,Walk,3,0.82,213
241,M,10,B,100,24,150,1,Walk,5,0.484,0
242,F,11,R,156,24,165,1,Walk,15,0.99,63
243,F,11,R,160,21,159,3,Bus,10,0.4,60
244,M,17,L,170,27,183,1,Car,6,0.283,31
245,M,10,R,133,20,143,2,Walk,7,0.37,75
246,M,17,R,186,33,188,1,Car,8,0.293,37
247,F,11,R,150,25,153,2,Car,4,0.26,26
248,F,12,R,156,24,137,3,Bus,30,0.749,64
249,F,11,R,152,23,150,1,Cycle,15,0.453,0
250,M,17,R,191,27,188,1,Bus,35,0.64,46
251,F,12,R,158,23,149,1,Walk,2,0.56,56
252,F,12,B,152,22,150,2,Walk,7,0.34,47
253,F,13,R,168,22,161,1,Car,24,0.45,36
254,M,11,R,151,23,159,2,Car,15,0.37,33
255,F,12,R,157,21,164,2,Walk,15,0.53,54
256,M,15,R,170,20,170,1,Cycle,15,0.33,37
257,M,15,R,180,29,183,1,Bus,5,0.612,67
258,M,10,L,144,24,140,2,Walk,3,0.351,42
259,F,14,R,184,27,173,1,Car,60,0.39,38
260,M,10,R,143,22,142,1,Cycle,25,1.547,0
261,F,11,R,150,23,144,2,Car,5,0,38
262,M,15,R,190,33,184,2,Bus,15,0.22,41
263,F,13,L,160,22,156,3,Car,7,0.37,32
264,F,13,R,151,23,148,2,Bus,10,0.312,34
265,M,12,R,160,24,157,2,Rail,50,0,38
266,F,14,R,164,22,177,2,Car,10,0.71,49
267,M,17,R,183,27,159,1,Car,12,0.34,29
268,F,12,R,150,21,146,1,Car,20,0.34,39
269,M,13,R,178,27,185,1,Walk,2,0.843,75
270,F,16,R,162,25,163,1,Walk,30,0.28,29
271,F,11,R,136,22,138,2,Car,5,0.671,47
272,F,10,R,147,25,148,1,Car,15,0.4,74
273,F,12,R,156,26,160,2,Car,25,0,51
274,F,12,R,158,23,150,1,Car,5,0.599,0
275,F,15,R,150,26,147,2,Car,2,0,43
276,M,12,R,180,30,180,1,Bus,20,0.26,37
277,F,17,R,170,25,171,2,Car,5,0.33,46
278,F,14,R,168,27,169,1,Car,15,0.35,51
279,F,14,R,160,23,162,1,Car,5,0.489,64
280,F,13,R,165,30,160,1,Car,5,0,51
281,F,11,R,149,21,133,1,Walk,10,0.52,59
282,M,11,R,140,20,125,1,Walk,45,0.344,0
283,F,13,R,155,22,145,2,Car,6,0.37,35
284,M,13,R,168,26,170,2,Car,5,0.31,39
285,F,8,R,141,20,146,1,Bus,10,0.57,69
286,M,11,R,137,23,150,2,Car,5,0.312,0
287,M,16,R,175,26,175,2,Walk,8,0.589,47
288,F,16,R,160,20,158,2,Car,7,0.334,29
289,F,15,B,155,21,148,2,Other,15,0.577,44
290,F,17,R,156,25,165,2,Car,11,0.297,32
291,F,16,R,173,25,173,1,Walk,3,0.607,37
292,M,16,R,180,26,180,2,Car,25,0.25,41
293,M,14,R,170,30,152,1,Walk,30,0.813,161
294,M,12,R,162,26,160,2,Walk,10,0.29,49
295,M,12,R,165,20,183,3,Bus,20,1.21,48
296,F,14,R,172,23,171,3,Car,4,0.42,29
297,F,13,L,154,22,154,1,Car,5,0.406,0
298,M,16,B,170,27,180,1,Bus,35,0.29,46
299,M,13,R,165,26,166,1,Walk,3,0.313,29
300,M,17,R,177,26,179,1,Car,10,0.328,40
301,F,14,R,175,23,171,2,Walk,15,0.779,36
302,F,15,L,177,25,172,1,Walk,10,0.312,27
303,F,14,R,157,30,100,2,Walk,10,0.28,34
304,F,17,R,166,24,152,1,Car,8,0.435,46
305,F,14,R,160,21,157,1,Car,20,0.29,29
306,M,14,R,181,26,170,3,Walk,2,0.37,37
307,F,16,R,160,22,150,3,Rail,30,0.456,37
308,M,12,B,134,27,156,1,Walk,5,0.34,110
309,M,13,R,153,24,147,3,Walk,2,0.3,31
310,F,12,B,150,22,159,1,Bus,35,0.359,40
311,F,13,L,156,22,163,1,Bus,15,0,57
312,M,15,R,180,26,175,1,Cycle,15,0.344,0
313,F,11,R,162,24,141,1,Car,10,0.393,39
314,F,11,R,149,25,155,3,Car,5,0,0
315,M,12,R,160,26,152,2,Cycle,2,0.28,29
316,F,14,R,168,24,168,1,Bus,30,0.31,57
317,F,14,L,172,26,171,2,Bus,25,1.84,63
318,F,14,R,175,23,169,1,Car,18,0.483,43
319,M,13,L,154,25,157,3,Walk,20,0.578,77
320,F,17,R,170,36,168,1,Car,25,0.462,45
321,M,11,R,142,20,154,2,Walk,20,0.39,40
322,M,16,R,182,30,184,2,Car,10,0.386,52
323,M,11,R,164,26,168,1,Walk,30,0.53,37
324,M,11,R,165,27,161,2,Car,10,0.35,78
325,F,14,R,170,26,135,1,Car,25,0.375,0
326,M,12,R,160,23,158,1,Car,10,0.336,40
327,M,14,B,154,24,176,2,Cycle,20,0.25,30
328,F,15,R,167,23,90,2,Bus,15,0,0
329,F,12,R,155,21,150,1,Bus,10,0.599,74
330,F,13,R,171,28,170,3,Bus,60,1.047,35
331,M,14,R,166,26,169,1,Bus,10,0.47,54
332,F,14,R,153,20,152,2,Bus,30,0.5,35
333,F,12,R,145,19,135,1,Car,5,0.31,33
334,M,14,R,174,29,176,2,Car,5,1.17,30
335,F,13,R,159,23,159,3,Car,35,0.42,31
336,F,17,R,163,23,169,1,Bus,6,0.336,34
337,F,11,R,156,25,140,1,Car,4,0.51,50
338,M,11,R,131,23,150,3,Car,10,0.406,48
339,F,14,L,162,23,162,3,Walk,13,0.39,38
340,M,13,R,169,26,180,1,Car,4,0.4,31
341,F,13,R,126,25,163,1,Bus,15,0.45,44
342,F,15,R,164,24,156,2,Walk,5,0.51,40
343,M,10,R,120,24,120,1,Car,25,0.469,0
344,F,17,R,152,24,195,2,Car,8,0.443,61
345,F,10,R,147,21,139,1,Car,3,0.52,42
346,F,11,B,144,23,146,1,Car,10,0.38,86
347,M,13,L,153,23,150,3,Walk,25,0.39,43
348,M,12,B,159,26,157,2,Walk,3,0.491,48
349,F,17,R,173,24,173,1,Car,12,0.433,44
350,M,14,R,166,26,161,3,Car,7,0.566,99
351,F,17,R,164,23,162,1,Car,5,0.422,37
352,F,12,R,154,24,153,1,Car,25,0.469,55
353,F,13,R,158,21,160,2,Walk,15,0.35,34
354,F,11,R,141,24,145,1,Bus,45,0.4,57
355,F,13,R,168,25,166,1,Rail,45,1.5,0
356,F,12,R,150,26,164,2,Bus,30,0.437,50
357,F,13,R,160,24,160,1,Walk,5,0.515,55
358,M,18,L,173,29,161,2,Bus,10,0.365,45
359,M,13,R,158,25,158,2,Walk,8,0.48,30
360,F,12,R,158,24,160,2,Bus,15,0.379,74
361,M,13,R,152,26,152,3,Bus,30,0.344,33
362,M,10,R,146,23,146,1,Walk,10,0,63
363,F,17,R,167,24,174,1,Car,7,0.301,28
364,F,13,R,166,24,164,2,Bus,20,0.281,32
365,F,15,R,166,25,161,1,Bus,50,0.28,50
366,M,14,R,170,32,165,2,Bus,12,0.06,46
367,M,12,R,173,26,175,3,Bus,10,0.38,31
368,F,13,R,150,22,145,1,Car,8,0.26,46
369,F,12,R,150,23,151,1,Bus,5,0.344,85
370,F,11,R,138,22,134,1,Walk,10,0.4,40
371,M,13,B,160,24,154,2,Cycle,35,0.344,32
372,F,13,R,165,23,161,1,Car,5,0.668,35
373,F,9,L,144,19,142,5,Car,3,0.56,40
374,M,12,R,114,25,177,2,Bus,5,0.561,52
375,F,13,R,163,25,160,1,Car,5,0.42,39
376,F,11,R,160,23,161,1,Bus,60,0.328,30
377,F,16,L,180,29,184,2,Car,13,0,0
378,F,17,R,162,22,169,2,Bus,15,0.49,60
379,F,11,L,161,25,161,1,Car,10,0.45,52
380,M,13,R,159,23,167,1,Car,15,0.36,47
381,M,18,R,184,28,184,1,Car,5,0.626,48
382,M,13,L,160,15,160,1,Walk,20,0.79,30
383,F,11,R,143,21,137,3,Car,1,0.45,61
384,M,17,R,185,29,188,1,Car,15,0,52
385,M,11,R,150,24,156,2,Car,5,0.39,0
386,M,13,R,179,25,153,2,Bus,30,0.271,41
387,F,14,R,169,25,155,1,Bus,8,0.781,42
388,F,10,R,132,19,130,2,Walk,5,0.469,0
389,F,13,R,151,22,156,6,Walk,15,0.361,48
390,M,17,R,185,28,190,1,Car,7,0.361,42
391,M,17,R,186,22,193,1,Car,7,0.456,40
392,F,17,R,164,24,161,1,Bus,20,0.281,44
393,F,17,R,173,23,173,1,Car,4,0.347,34
394,F,13,R,120,20,128,3,Board,46,0.32,29
395,M,13,R,160,25,160,1,Board,5,0.313,30
396,M,9,R,142,21,137,3,Walk,4,0.43,55
397,F,14,R,170,22,169,1,Car,3,0.31,33
398,M,12,R,152,25,178,1,Car,3,0.356,48
399,F,10,R,149,24,150,1,Car,5,0.499,0
400,F,16,R,160,23,158,1,Car,7,0.334,48
401,F,12,R,152,22,152,1,Walk,4,0.82,67
402,F,13,R,119,32,88,1,Bus,15,0.344,0
403,F,12,R,155,22,144,2,Bus,20,0.375,43
404,M,14,B,165,23,152,2,Bus,15,0.594,55
405,F,17,R,168,22,170,1,Bus,20,0.343,43
406,F,11,R,139,21,140,2,Car,3,0.45,27
407,M,14,L,170,23,165,2,Car,5,0.393,0
408,M,15,R,177,26,173,2,Bus,20,0.36,34
409,M,12,R,157,26,157,2,Bus,6,0.375,48
410,M,14,R,185,34,183,1,Walk,10,0.34,41
411,M,15,R,170,42,170,2,Bus,15,0.754,56
412,M,16,R,173,26,164,1,Car,5,0.281,39
413,M,15,R,172,25,169,1,Walk,5,0.34,37
414,F,11,R,148,23,141,1,Bus,10,1.21,47
415,F,13,R,145,25,149,1,Rail,20,0.4,48
416,M,9,R,139,22,135,2,Bus,20,0.68,67
417,F,13,R,168,25,168,1,Car,5,0.673,70
418,F,11,R,153,21,155,1,Car,20,0.35,36
419,M,12,B,139,16,142,1,Car,5,0.251,0
420,M,10,R,150,20,150,1,Walk,15,0.35,62
421,F,14,L,164,21,164,1,Walk,15,0.29,39
422,F,10,R,147,24,138,2,Car,15,0.453,0
423,M,11,R,145,24,144,2,Car,3,0.42,66
424,F,16,R,157,19,157,3,Car,15,0.4,0
425,F,13,R,166,25,166,1,Bus,30,0.32,42
426,F,13,R,160,23,168,1,Car,10,0.35,41
427,F,15,R,173,23,171,1,Walk,5,0.53,37
428,F,12,R,167,26,164,3,Bus,10,0.37,46
429,F,16,R,167,25,166,2,Bus,25,0.31,41
430,M,13,R,156,24,158,1,Car,10,0.32,26
431,F,14,R,162,24,156,7,Walk,5,0.281,37
432,F,17,R,169,25,166,1,Walk,2,0.711,45
433,F,14,R,164,22,164,2,Car,15,0.562,0
434,F,16,R,164,24,163,1,Bus,30,0,55
435,M,13,R,168,27,160,2,Bus,10,0,53
436,F,12,R,166,21,152,1,Walk,5,0.331,33
437,F,13,R,159,25,161,3,Bus,45,0.43,31
438,M,12,R,138,18,187,1,Bus,10,0.39,48
439,M,11,R,152,22,140,1,Car,7,0.37,60
440,F,15,R,167,26,165,3,Walk,15,0.39,40
441,F,13,R,159,22,159,1,Bus,10,0.485,33
442,F,10,B,158,25,157,2,Walk,10,0.39,33
443,M,12,B,153,25,148,2,Car,4,0.476,60
444,F,10,R,140,23,142,1,Car,15,0.5,0
445,M,17,R,168,26,175,1,Car,13,0.335,0
446,M,13,R,168,26,168,1,Walk,15,0.35,42
447,F,12,L,156,21,159,2,Bus,10,0.422,48
448,F,13,R,158,19,153,2,Car,10,1.52,46
449,M,17,R,185,29,184,1,Car,20,0.29,27
450,M,12,R,150,24,152,1,Car,5,0.453,0
451,F,14,R,177,27,180,1,Car,10,0.725,61
452,M,10,R,158,25,152,1,Car,2,0,79
453,F,10,R,157,25,160,1,Walk,10,0.51,44
454,F,10,L,140,22,142,3,Walk,1,0,54
455,M,13,R,174,24,174,2,Car,15,0.874,59
456,M,14,R,155,25,150,1,Bus,45,0.407,0
457,M,11,L,150,25,150,1,Car,5,1.406,0
458,F,17,R,160,21,157,2,Car,5,0.33,52
459,F,12,R,153,22,154,1,Car,15,0.71,32
460,F,13,R,163,24,160,1,Bus,10,0.32,72
461,M,17,R,183,26,191,1,Car,20,0.295,38
462,F,13,R,162,25,162,1,Car,20,0.32,29
463,M,10,R,140,20,134,1,Bus,15,0.5,63
464,F,11,R,148,21,140,2,Walk,30,0.43,57
465,F,12,R,173,22,172,1,Bus,15,1.48,47
466,F,12,R,167,25,163,2,Car,4,0.541,36
467,F,10,R,132,21,127,8,Walk,5,0.797,36
468,F,16,R,170,24,160,3,Car,7,0.677,35
469,M,11,R,148,23,142,2,Car,6,0.532,79
470,M,16,R,186,23,185,3,Walk,30,0.503,44
471,M,15,R,161,25,162,2,Bus,35,0.485,53
472,M,10,R,149,23,150,2,Car,1,0.43,33
473,F,11,R,135,21,139,1,Car,3,0.5,47
474,M,14,B,165,24,165,3,Bus,10,0.406,44
475,F,17,R,165,21,157,2,Car,5,0.516,31
476,M,12,R,161,25,161,3,Car,5,0.156,49
477,M,15,R,177,27,175,2,Bus,30,0.419,30
478,F,17,R,169,22,157,2,Bus,10,0.514,37
479,M,17,R,164,26,166,1,Bus,15,0.344,32
480,M,16,B,179,26,185,1,Walk,2,0.31,25
481,M,13,R,159,27,101,1,Car,20,0,44
482,M,12,R,158,25,162,1,Bus,25,0.297,0
483,F,13,R,162,24,161,1,Car,5,0.375,0
484,M,14,L,160,27,128,1,Bus,10,0.4,51
485,F,10,R,137,20,132,2,Walk,15,0.618,0
486,M,11,R,156,22,100,2,Car,20,0.84,42
487,M,15,R,169,25,173,1,Car,12,0.33,43
488,F,11,R,158,26,155,1,Car,25,0.496,51
489,F,14,R,157,25,157,2,Bus,15,0.54,37
490,M,7,R,152,26,150,1,Car,5,0.56,35
491,M,7,R,173,27,167,1,Walk,10,0.43,44
492,M,16,R,172,26,170,1,Car,10,0.43,26
493,M,17,R,171,25,168,2,Car,8,0.396,39
494,M,14,R,160,25,163,2,Bus,15,0.321,48
495,F,11,R,126,13,126,1,Bus,5,0.4,55
496,F,11,R,163,24,164,1,Bus,5,0.578,55
497,F,18,R,156,23,169,2,Walk,25,0.358,36
498,F,17,R,172,24,177,1,Car,7,0.52,46
499,F,13,R,95,25,90,1,Walk,5,0.53,44
500,M,13,R,155,25,164,3,Bus,17,0.405,63
501,F,12,R,154,22,156,2,Rail,45,0.34,39
502,F,14,R,158,25,157,1,Walk,25,0.42,33
503,M,15,R,182,27,170,1,Car,20,0,40
504,M,14,R,175,26,175,1,Walk,25,0.25,63
505,M,14,R,164,25,174,1,Cycle,15,0.31,34
506,F,12,R,175,27,173,1,Walk,15,0.531,0
507,F,17,R,172,26,169,1,Board,20,0.26,29
508,F,14,R,171,25,172,2,Car,5,0.39,41
509,F,17,R,153,22,143,1,Car,7,0.69,43
510,F,10,L,145,22,143,1,Car,25,0.43,46
511,M,17,R,183,28,184,1,Car,8,0.401,0
512,M,7,R,147,23,147,2,Car,10,0.34,67
513,F,13,R,164,25,162,1,Bus,35,0.29,19
514,M,11,R,121,12,119,1,Car,15,0,90
515,M,11,R,150,22,144,1,Car,5,0.407,0
516,M,13,R,176,21,170,1,Bus,15,0.35,44
517,F,13,R,157,22,150,2,Car,13,0.363,0
518,F,16,R,173,24,162,1,Bus,20,0.343,26
519,F,15,R,160,24,130,1,Car,10,0.401,44
520,F,11,R,151,23,140,1,Bus,20,1.024,79
521,F,10,R,140,20,137,1,Walk,3,0.92,68
522,F,14,B,165,23,165,3,Walk,20,0.375,61
523,M,12,R,144,22,145,1,Car,5,0.49,44
524,M,17,R,185,30,182,1,Car,7,0.31,48
525,F,13,R,164,24,170,1,Bus,15,0.574,0
526,M,17,R,177,27,177,1,Car,35,0.27,46
527,M,11,R,173,23,173,1,Walk,2,0.4,44
528,M,14,R,171,26,180,1,Bus,15,0.546,0
529,F,10,R,142,22,147,2,Bus,2,0.43,37
530,M,15,R,178,24,176,2,Walk,10,0.43,33
531,F,17,R,172,24,159,1,Car,20,0.498,83
532,F,10,R,138,21,124,3,Car,5,0.485,0
533,F,13,R,170,25,165,1,Bus,45,0.405,0
534,F,12,R,146,21,144,1,Bus,15,0.307,43
535,F,9,R,152,22,151,1,Walk,1,0.438,47
536,M,12,L,153,23,148,1,Car,6,0.445,42
537,F,13,L,90,12,123,2,Walk,10,0.4,48
538,F,9,B,175,26,177,2,Bus,90,0.32,42
539,M,17,R,171,28,148,2,Walk,10,0.318,40
540,F,12,R,163,21,160,2,Car,30,0.47,42
541,F,7,R,164,25,164,2,Walk,20,0.37,72
542,M,14,R,153,25,160,1,Rail,45,0.35,37
543,M,13,R,166,24,170,2,Walk,20,0.32,33
544,M,12,L,165,23,164,2,Bus,5,0.375,96
545,F,9,R,154,23,122,2,Car,20,0.645,44
546,F,18,R,166,25,160,1,Bus,6,0.359,28
547,M,11,R,148,29,138,9,Bus,5,0.401,31
548,M,18,R,137,23,142,2,Car,7,0.37,39
549,F,16,B,171,24,171,1,Bus,40,0.34,27
550,M,17,R,176,28,161,2,Bus,25,0.344,37
551,M,15,R,180,28,177,1,Cycle,5,0.4,34
552,F,13,R,161,23,150,2,Walk,8,0.343,95
553,F,14,R,171,24,164,1,Bus,45,0.31,28
554,M,13,L,157,26,156,1,Car,10,0.674,44
555,M,11,R,150,21,153,1,Bus,7,0,73
556,M,17,R,183,30,183,1,Car,18,0.26,30
557,M,12,R,166,29,152,2,Walk,11,0.44,63
558,F,17,R,167,24,162,1,Car,25,0.4,47
559,F,12,R,155,25,165,3,Car,7,0.406,60
560,M,13,R,156,28,150,1,Walk,5,0.484,31
561,M,12,L,156,25,158,1,Car,10,0.4,29
562,M,11,R,137,22,142,2,Car,25,0.29,39
563,M,11,B,160,28,164,1,Car,1,0.469,43
564,M,14,R,180,28,180,1,Bus,30,0.551,47
565,M,9,R,137,23,132,2,Walk,13,0.855,77
566,M,12,R,155,24,158,1,Bus,10,0.37,43
567,F,12,R,146,25,142,2,Walk,4,0.781,38
568,F,14,R,173,24,163,2,Bus,30,0.32,37
569,M,13,L,171,24,160,1,Bus,5,0.34,49
570,M,16,R,188,28,193,1,Bus,45,1.82,70
571,F,14,R,154,20,161,1,Walk,15,0.774,54
572,M,17,R,184,26,182,1,Car,14,0.597,54
573,F,13,R,162,23,162,1,Bus,127,0.32,34
574,F,11,R,148,21,138,2,Car,2,0.53,59
575,M,11,R,143,23,143,2,Rail,15,0.329,31
576,M,13,R,170,27,173,2,Bus,33,0.36,39
577,F,11,B,135,21,135,1,Car,20,0.34,37
578,F,16,R,170,25,170,1,Other,5,0.453,0
579,M,17,R,170,26,160,1,Rail,17,0.351,34
580,F,12,R,161,24,163,1,Bus,25,1.031,0
581,F,17,R,162,21,162,1,Car,10,0.381,31
582,M,17,R,179,30,181,2,Walk,3,0.125,21
583,F,11,R,148,22,149,1,Bus,30,0.36,61
584,F,13,R,158,22,150,2,Car,13,0.32,37
585,F,13,R,161,24,157,1,Car,15,0.349,0
586,M,13,R,169,26,169,1,Walk,25,0.328,0
587,F,17,R,155,22,170,2,Car,5,0.403,45
588,M,11,R,145,23,138,1,Bus,10,0.498,57
589,F,14,R,165,24,100,1,Car,10,0.29,32
590,F,12,R,161,23,174,4,Bus,5,0.391,34
591,M,10,R,147,22,141,1,Car,27,0.435,48
592,M,17,R,191,29,195,1,Cycle,12,0.318,38
593,M,13,R,171,27,170,2,Car,8,0.34,59
594,F,13,R,157,22,154,2,Car,10,0.44,51
595,M,10,R,148,21,143,1,Bus,5,0.375,61
596,F,17,R,152,28,156,1,Car,15,0.3844,34
597,F,17,R,165,25,155,2,Car,10,0.384,34
598,M,13,R,165,27,166,2,Car,15,0.667,0
599,M,12,R,162,26,152,1,Walk,20,0.29,52
600,F,14,R,168,35,168,3,Walk,15,0.26,40
601,F,17,R,160,24,157,2,Car,7,0.44,47
602,M,12,R,144,24,147,1,Walk,5,0.359,0
603,F,16,R,157,24,168,1,Bus,30,0.37,33
604,F,15,R,167,25,171,1,Rail,45,0.96,31
605,F,9,R,165,22,156,3,Walk,4,0.629,51
606,F,14,R,163,37,166,1,Car,7,0.482,57
607,F,11,R,154,22,145,2,Car,35,0.39,58
608,F,17,R,168,23,162,1,Car,5,0.419,29
609,F,12,R,164,26,165,2,Bus,35,0.31,31
610,F,13,R,154,23,159,3,Bus,3,0.46,34
611,F,9,R,143,20,130,1,Bus,20,0.39,43
612,F,13,R,157,24,161,1,Bus,30,0.344,32
613,F,12,R,158,22,159,1,Walk,5,0.312,0
614,M,15,R,226,25,188,2,Car,10,0.65,49
615,F,13,R,172,24,171,1,Bus,25,0.546,0
616,F,13,R,154,23,155,2,Car,15,0.343,0
617,F,17,R,157,21,150,1,Car,6,0.327,31
618,F,13,R,163,25,166,3,Car,7,0.266,27
619,M,17,R,173,26,172,1,Car,10,0.5,41
620,F,15,R,159,22,159,2,Car,5,0.254,33
621,M,12,L,170,26,170,1,Bus,30,0.309,49
622,M,11,R,154,24,147,1,Cycle,5,0.406,0
623,M,15,R,170,26,171,1,Car,5,0.46,48
624,M,13,L,158,23,158,1,Cycle,15,0.28,54
625,F,11,R,160,21,165,2,Car,45,0.58,0
626,F,13,R,163,21,157,1,Walk,2,0.547,55
627,F,11,R,147,20,149,2,Car,5,0.47,46
628,F,12,R,160,22,161,1,Car,20,0.45,32
629,M,10,R,132,23,150,1,Car,4,1.62,63
630,F,11,R,153,21,145,1,Car,2,0.56,49
631,F,16,R,162,20,153,2,Car,20,0.62,56
632,M,16,B,180,30,180,1,Car,20,0,29
633,F,14,R,166,23,156,2,Car,5,0.34,0
634,M,11,R,141,22,142,1,Cycle,5,0.452,0
635,M,17,R,180,27,185,1,Car,10,0.786,48
636,F,17,R,172,25,165,1,Car,10,0.343,40
637,F,13,B,154,23,157,5,Car,10,0.359,50
638,F,12,R,164,24,150,2,Car,25,0.43,53
639,M,12,R,156,25,155,1,Walk,2,0.33,58
640,F,11,R,157,24,150,1,Bus,15,0.51,41
641,F,10,R,129,20,119,2,Walk,8,0.328,38
642,F,14,R,180,27,177,1,Walk,5,0.514,0
643,F,11,R,149,23,134,1,Car,5,0.376,44
644,M,10,R,146,23,142,2,Car,6,0.362,36
645,F,13,R,170,25,173,1,Bus,30,0.34,45
646,F,13,R,149,24,147,1,Bus,10,0.687,25
647,M,10,L,137,22,126,1,Walk,15,0.506,102
648,F,13,R,165,23,161,1,Bus,45,0.359,35
649,M,10,R,145,23,143,2,Walk,5,0.338,0
650,M,14,R,169,27,177,1,Bus,30,0.413,48
651,M,12,R,152,22,152,1,Bus,45,0.71,68
652,M,15,R,185,32,183,9,Boat,69,0.468,29
653,F,13,R,167,24,173,1,Rail,20,0.4,41
654,F,15,R,160,16,160,3,Walk,0,0.343,43
655,M,14,R,161,24,163,1,Rail,70,0.25,22
656,F,10,R,142,21,145,1,Walk,5,0.52,60
657,M,9,R,148,24,143,1,Car,5,0.547,0
658,F,15,R,165,22,154,2,Bus,5,0.406,34
659,F,10,L,151,24,150,1,Car,5,0.422,0
660,M,12,R,169,27,169,2,Cycle,3,0.382,53
661,M,16,R,189,11,196,1,Car,30,0,64
662,F,15,R,162,22,158,1,Bus,40,0.411,41
663,F,13,R,169,24,172,1,Bus,15,0.34,25
664,M,12,R,148,45,136,1,Walk,3,0.45,70
665,M,13,L,190,28,190,2,Car,10,0.277,41
666,F,12,R,163,24,163,2,Bus,25,0.44,42
667,M,15,R,188,30,188,3,Bus,40,0.359,24
668,F,14,L,172,25,130,1,Car,7,0.479,36
669,F,12,R,155,24,146,1,Bus,30,0.493,36
670,F,14,R,162,22,161,1,Car,15,0.344,43
671,F,11,R,148,23,145,1,Bus,5,0,0
672,F,14,R,165,34,165,2,Bus,30,0.37,33
673,F,17,R,170,20,170,2,Walk,25,0.331,52
674,M,16,R,175,25,175,1,Car,25,0.35,65
675,F,15,R,178,27,178,2,Car,13,0.724,38
676,F,10,R,142,21,145,1,Car,5,0.594,0
677,F,12,R,157,30,157,3,Car,30,0.35,32
678,F,12,R,168,24,168,1,Bus,50,0.28,26
679,M,11,R,153,24,160,1,Car,2,0.576,43
680,M,13,R,151,22,136,1,Walk,12,0.4,32
681,F,15,R,170,26,170,1,Bus,25,0.29,47
682,F,14,R,164,22,146,5,Bus,35,0.42,28
683,M,15,R,160,24,160,2,Bus,30,0.37,44
684,M,13,R,183,26,177,3,Walk,13,0.32,55
685,F,14,R,183,23,165,2,Walk,10,0.88,55
686,M,13,R,167,26,158,1,Bus,55,0.4,66
687,F,15,R,163,22,162,2,Car,15,0.547,0
688,M,13,R,155,25,155,1,Board,20,0.529,39
689,F,17,B,169,25,162,2,Car,25,1.144,0
690,F,14,R,151,23,150,3,Bus,45,0.37,35
691,M,10,R,145,21,141,1,SkateBoard...,2,0.43,58
692,F,11,R,151,21,113,1,Bus,45,0.381,0
693,F,17,R,164,24,163,1,Car,5,0.382,41
694,F,12,R,157,24,156,2,Car,10,0.65,49
695,M,14,R,180,28,183,1,Car,15,0.377,40
696,F,13,R,153,23,149,2,Bus,30,0.375,44
697,M,17,B,188,28,175,1,Car,47,0.772,46
698,M,12,R,150,23,148,1,Bus,30,0.46,81
699,M,14,L,165,29,169,1,Bus,60,0.33,35
700,M,9,R,136,21,132,1,Car,15,0.453,61
701,F,17,R,168,24,168,2,Walk,4,0.256,38
702,M,14,R,160,31,170,3,Car,4,0.297,50
703,M,14,R,180,27,180,1,Car,17,0.32,33
704,F,11,R,161,23,159,2,Car,2,0.45,37
705,F,12,R,165,23,169,2,Bus,10,0.391,34
706,M,14,R,178,28,188,1,Walk,5,0.298,0
707,M,16,R,189,11,196,1,Car,30,0,64
708,F,13,R,173,26,168,1,Walk,19,0.413,36
709,F,11,R,149,24,150,3,Car,45,1.92,0
710,M,13,L,162,26,168,2,Bus,13,0.37,33
711,F,14,R,162,26,163,1,Walk,20,0.39,40
712,F,11,R,138,21,127,2,Car,3,0.39,47
713,F,17,R,163,23,164,1,Car,15,0.301,42
714,F,11,R,158,25,146,1,Car,10,0.49,77
715,M,13,R,155,27,158,2,Bus,16,0.444,49
716,F,12,R,162,19,100,1,Car,10,0.37,39
717,F,18,R,161,24,160,2,Bus,45,0.705,37
718,M,13,R,151,22,136,1,Walk,5,0.31,0
719,F,14,R,164,24,170,2,Car,15,0.69,38
720,M,12,R,165,26,166,2,Cycle,5,0.29,71
721,F,13,R,166,25,166,1,Bus,7,0.421,47
722,F,17,R,160,24,157,2,Bus,14,0.328,35
723,M,12,R,149,26,146,1,Walk,20,0,31
724,F,13,R,155,22,152,1,Walk,15,0.39,36
725,M,14,R,153,23,155,1,Bus,45,0.29,35
726,M,11,R,142,24,152,1,Walk,7,0,66
727,F,10,R,140,23,139,1,Car,15,0.5,0
728,M,18,R,191,30,197,2,Rail,20,0.282,52
729,M,10,R,143,23,141,1,Walk,7,0.59,56
730,M,14,R,171,25,161,1,Car,15,0.32,28
731,M,15,R,166,28,170,1,Cycle,22,0.26,24
732,M,14,R,165,28,166,2,Bus,15,0.27,42
733,M,15,R,172,25,178,1,Bus,60,0.31,38
734,M,17,R,183,25,172,3,Car,15,0.344,61
735,M,12,B,162,26,165,2,Car,15,1.379,0
736,M,11,R,110,20,90,1,Car,5,0.31,39
737,F,11,R,156,20,145,1,Car,3,0,63
738,F,17,R,183,27,192,1,Bus,10,0.418,49
739,M,16,R,156,30,140,1,Walk,8,0.55,53
740,F,12,R,150,24,155,2,Car,6,0.344,0
741,M,15,R,180,32,190,2,Bus,10,0.459,50
742,M,14,R,160,27,158,1,Bus,25,0.27,56
743,M,10,R,153,25,146,1,Walk,15,0.46,58
744,F,12,R,151,24,143,2,Walk,20,0.56,26
745,M,15,R,178,28,177,1,Car,11,0.359,38
746,F,12,R,150,10,105,2,Bus,25,0.32,49
747,F,15,R,164,22,140,1,Bus,45,0.468,53
748,M,12,R,160,24,157,1,Bus,30,0,37
749,F,16,R,155,20,155,2,Car,10,0.51,44
750,F,10,B,158,15,105,2,Walk,5,0.469,0
751,F,11,R,156,24,156,3,Bus,30,0.531,35
752,M,8,R,156,25,154,3,Walk,10,0.438,40
753,M,16,R,188,31,186,1,Car,15,0.328,38
754,F,13,R,165,23,157,2,Bus,25,0.375,26
755,M,14,R,179,24,170,2,Bus,15,0.37,31
756,M,15,R,183,28,182,1,Walk,5,0.266,0
757,F,13,L,168,25,152,6,Bus,30,0.32,36
758,M,11,R,146,22,143,1,Bus,60,0,44
759,M,13,R,146,20,135,6,Car,4,0.731,46
760,M,16,B,163,25,181,2,Car,7,0,0
761,M,17,R,185,33,193,2,Bus,30,0.29,35
762,F,11,R,132,18,132,1,Bus,15,0.572,0
763,F,14,R,172,24,167,3,Car,15,0.38,36
764,F,13,R,153,23,151,1,Bus,40,0.4,37
765,M,13,L,165,27,168,2,Bus,30,0.25,64
766,F,11,R,140,22,153,2,Car,6,0.485,27
767,M,14,R,176,26,176,2,Car,5,0.36,0
768,F,17,R,170,22,213,2,Bus,4,0.515,94
769,F,13,R,155,21,156,2,Walk,25,0.468,0
770,F,11,B,159,23,159,3,Car,2,0.31,36
771,F,15,R,159,21,162,2,Rail,45,0.36,0
772,F,12,L,163,26,165,1,Car,2,0.328,47
773,F,14,R,158,22,192,3,Walk,15,0.48,34
774,M,13,R,154,23,152,1,Car,2,0.32,44
775,F,16,R,157,23,153,1,Car,15,0.467,35
776,M,10,R,144,23,145,2,Car,6,0.491,37
777,F,13,R,157,22,148,2,Car,50,0.631,39
778,F,17,L,175,10,160,1,Car,7,1.084,55
779,F,17,R,165,23,165,1,Car,5,0.347,30
780,F,13,R,142,21,136,1,Bus,20,0.51,33
781,F,17,R,155,37,153,2,Car,25,0.355,47
782,M,15,R,172,27,170,1,Bus,95,0.29,43
783,M,16,R,169,26,171,1,Bus,17,0.26,31
784,M,13,R,158,27,165,2,Bus,10,0.356,0
785,F,12,R,149,23,149,3,Walk,15,0.48,41
786,F,17,L,163,24,161,1,Car,10,0.423,37
787,F,12,R,164,24,165,1,Bus,25,0.4,42
788,M,18,R,165,25,156,1,Car,15,0.652,52
789,F,14,R,155,14,166,3,Bus,20,0.43,33
790,M,14,R,166,31,153,2,Bus,20,0.29,27
791,M,12,R,158,24,154,1,Car,15,0.594,0
792,F,13,R,170,23,176,2,Walk,20,0.36,51
793,F,11,R,151,21,107,1,Bus,10,0.37,55
794,M,15,R,171,25,169,2,Walk,15,0.351,59
795,F,9,R,147,20,145,3,Car,5,0.408,0
796,M,18,B,170,20,175,1,Car,5,0.23,25
797,M,10,R,149,23,143,1,Car,4,0.51,69
798,F,12,R,145,23,147,2,Bus,25,0,0
799,F,10,R,137,20,130,2,Car,10,0.53,49
800,F,13,R,154,26,167,1,Bus,30,0.281,36
801,M,6,R,149,25,156,1,Walk,25,0.42,28
802,F,12,R,137,21,126,1,Car,9,1.01,62
803,M,12,R,165,25,158,1,Car,25,0.36,0
804,F,12,R,160,24,160,2,Car,12,0.99,26
805,F,12,R,149,23,147,1,Walk,7,0.328,32
806,F,15,R,161,23,152,1,Bus,15,0.46,48
807,F,17,R,155,25,155,3,Car,15,0.78,54
808,M,13,B,158,22,158,2,Car,5,0.367,43
809,M,14,R,162,30,91,1,Walk,2,0.84,44
810,F,12,R,150,22,148,3,Bus,50,0.422,36
811,F,11,R,148,21,142,2,Walk,5,1.375,31
812,F,17,R,165,22,152,2,Car,10,0,10
813,M,12,L,140,20,135,1,Rail,20,0.39,87
814,F,10,R,140,20,137,1,Walk,5,0.56,49
815,M,16,R,184,27,184,1,Rail,30,0.37,39
816,F,12,R,143,25,152,1,Walk,10,0.57,37
817,M,17,R,179,23,168,1,Car,7,0.441,40
818,F,17,R,168,25,167,1,Car,8,0.34,22
819,F,14,R,155,23,158,1,Walk,2,0.282,34
820,M,11,R,158,24,158,4,Bus,30,0.062,54
821,F,15,R,163,23,153,1,Car,7,0.72,51
822,F,15,R,164,22,152,1,Walk,2,0.7,33
823,F,17,R,154,23,158,1,Car,5,0.471,41
824,F,15,R,168,30,165,1,Car,24,0.48,44
825,F,17,R,175,22,107,1,Car,25,0.241,27
826,F,15,R,175,23,170,1,Car,3,0.376,36
827,M,11,R,154,23,154,1,Bus,30,0.37,54
828,M,10,R,160,24,157,2,Car,10,0.35,45
829,F,9,R,139,21,136,2,Walk,6,0.588,38
830,F,13,R,171,27,171,1,Walk,5,0.437,47
831,M,11,R,146,22,152,1,Car,15,0.29,43
832,F,12,R,162,23,175,2,Car,5,0.809,38
833,M,17,R,183,28,182,3,Car,24,0.331,25
834,M,13,R,153,22,153,2,Bus,30,0.26,32
835,M,17,R,169,26,170,2,Walk,20,0.389,48
836,M,17,L,190,30,190,2,Walk,3,0.313,35
837,F,10,R,150,23,150,1,Cycle,12,0.33,29
838,M,11,R,138,22,132,1,Bus,45,0.481,0
839,F,16,R,153,25,157,3,Walk,15,0.282,0
840,F,12,R,152,22,150,1,Bus,45,0.546,0
841,M,15,R,182,26,185,1,Walk,5,0.524,58
842,M,17,R,176,26,177,1,Car,10,0.653,40
843,M,10,R,145,21,139,2,Car,15,0,0
844,F,17,R,157,23,155,1,Car,10,0.384,36
845,M,12,R,144,22,143,2,Car,45,0.42,37
846,F,9,R,131,20,134,3,Car,20,0.531,40
847,F,12,R,173,23,171,1,Bus,15,0,0
848,M,10,R,150,22,122,1,Car,5,0.468,65
849,F,18,R,166,25,174,1,Car,4,0.328,31
850,F,12,R,165,22,165,1,Car,5,0.37,33
851,M,12,R,161,35,161,2,Walk,2,0.31,61
852,F,17,L,176,25,170,2,Car,8,0.234,29
853,M,13,R,182,25,152,1,Bus,35,0.359,45
854,F,15,R,174,27,172,1,Bus,25,0.42,38
855,F,12,R,160,24,156,1,Car,2,0.39,28
856,F,14,R,179,27,174,1,Walk,7,0,0
857,F,14,R,140,22,110,2,Car,6,0.375,42
858,M,14,L,184,28,183,1,Bus,20,0.28,46
859,M,10,R,136,23,130,1,Car,2,0.42,34
860,F,15,R,179,26,174,3,Walk,5,0.312,0
861,M,14,R,176,26,177,1,Bus,75,0.29,33
862,M,13,B,160,25,160,4,Walk,18,0.75,57
863,M,13,L,170,22,166,1,Car,45,0.422,0
864,M,13,R,167,26,161,2,Car,10,0.26,35
865,F,13,R,162,21,165,1,Walk,10,0.37,39
866,M,17,R,184,27,180,1,Car,9,0.219,64
867,F,10,R,144,23,145,1,Bus,25,0.55,34
868,F,16,R,175,24,175,1,Car,5,0.317,39
869,M,13,R,170,27,175,1,Walk,2,0,53
870,F,10,R,161,25,148,4,Car,4,0.757,43
871,M,12,R,163,24,163,1,Bus,15,0.312,31
872,F,13,R,152,21,147,1,Cycle,20,0.39,45
873,M,16,R,179,28,192,1,Car,15,0.31,31
874,F,12,R,152,24,147,1,Car,45,0.4,54
875,M,16,R,174,26,181,3,Bus,30,0.32,46
876,F,13,R,164,24,164,1,Bus,30,0.359,48
877,F,13,L,170,23,169,3,Car,10,0.51,42
878,F,13,R,149,23,146,3,Bus,30,0.39,49
879,M,14,B,180,31,180,1,Bus,30,0.31,48
880,F,15,R,148,12,148,1,Walk,15,0.422,0
881,F,17,R,179,26,179,1,Bus,20,0.325,51
882,M,12,R,154,28,148,1,Car,20,0,44
883,M,12,R,157,25,156,1,Cycle,5,0.484,0
884,F,14,R,167,22,160,1,Bus,35,0.34,34
885,M,17,L,170,25,173,1,Car,20,0.496,46
886,F,9,R,145,22,142,2,Car,5,0.38,55
887,F,14,R,165,20,120,1,Bus,15,0.36,0
888,F,11,R,144,21,138,1,Walk,5,0.468,0
889,F,12,L,133,22,154,1,Walk,15,0.469,0
890,F,12,R,152,21,152,2,Walk,30,0.43,30
891,F,13,R,150,23,148,1,Bus,35,0,59
892,F,17,R,165,24,164,2,Car,7,0.36,39
893,M,18,R,186,28,193,1,Bus,40,0.344,52
894,M,16,R,175,25,170,3,Walk,7,0.294,32
895,F,17,R,175,10,190,2,Car,7,0.296,32
896,M,16,R,178,26,195,1,Car,15,0.37,28
897,M,17,R,169,23,164,1,Bus,30,0.328,26
898,M,11,R,147,23,150,2,Walk,10,0.39,46
899,F,15,R,165,24,161,1,Bus,15,0,27
900,F,12,L,166,24,170,1,Walk,20,0.36,40
901,F,13,R,159,27,158,1,Car,5,0.21,28
902,M,16,L,168,26,134,2,Car,15,0.388,0
903,M,17,R,175,26,188,2,Walk,13,0.26,34
904,F,11,R,164,28,166,1,Car,6,0.38,45
905,M,12,R,161,24,161,2,Bus,20,0.444,67
906,M,9,R,144,24,159,1,Car,3,0.36,61
907,F,13,L,150,24,155,1,Walk,5,0.54,57
908,M,12,R,155,27,155,1,Bus,10,0.34,87
909,M,11,R,137,15,117,1,SkateBoarding/Rollerblading,15,0.31,32
910,M,18,R,169,23,169,2,Walk,15,0.375,0
911,F,11,B,152,25,158,1,Car,7,0.36,49
912,F,14,R,165,23,158,1,Car,7,0.37,33
913,F,16,R,171,24,185,4,Other,2,0,44
914,F,14,R,162,23,156,1,Walk,15,0,0
915,F,13,R,165,22,165,2,Walk,9,0.44,31
916,F,17,R,165,30,127,2,Car,5,0.35,39
917,F,13,R,158,22,165,1,Car,15,0.34,40
918,M,13,R,160,29,163,1,Bus,30,0.794,54
919,F,15,R,160,22,160,2,Car,15,0.31,44
920,F,10,R,120,20,138,2,Car,5,0.45,0
921,F,13,R,167,24,163,1,Walk,15,0.37,53
922,F,13,R,160,26,167,1,Car,5,0.34,24
923,M,12,R,150,20,145,1,Walk,1,0.58,40
924,M,16,R,160,24,158,1,Car,10,0.796,59
925,M,15,R,185,29,185,3,Car,18,0.393,47
926,F,12,R,167,27,172,1,Bus,50,0.34,31
927,M,14,R,170,25,167,1,Car,45,0.318,0
928,F,12,R,140,23,139,2,Car,5,0.312,35
929,M,13,R,166,24,161,1,Bus,15,0.32,34
930,F,12,R,150,22,148,1,Bus,20,0,71
931,F,10,R,151,27,148,2,Car,5,0.375,0
932,F,12,R,167,22,154,1,Bus,15,0.9,39
933,F,10,R,140,21,142,1,Bus,5,0.479,0
934,M,13,R,162,24,156,1,Bus,45,0.328,0
935,F,14,L,160,25,166,1,Walk,10,0.32,28
936,M,12,R,161,26,163,2,Walk,5,0.37,29
937,F,14,R,168,23,160,1,Walk,2,0.46,56
938,F,12,R,144,22,143,1,Car,10,0.77,57
939,M,9,R,141,19,133,1,Car,5,0,61
940,F,14,R,159,19,155,1,Walk,15,0.344,36
941,F,5,B,145,21,145,2,Walk,3,0.516,48
942,F,12,R,169,25,162,2,Bus,15,0.42,47
943,F,12,R,151,22,156,1,Car,20,0.39,39
944,M,18,R,175,18,176,2,Walk,15,0.491,0
945,M,13,R,174,29,174,1,Walk,10,0.43,64
946,F,13,R,135,27,150,1,Walk,20,0.656,38
947,F,17,R,160,23,165,1,Car,15,0.312,39
948,F,18,R,178,25,165,1,Bus,15,0.754,68
949,M,17,R,183,24,179,1,Car,5,0.253,51
950,F,12,R,146,26,150,1,Walk,3,0.797,46
951,F,11,L,158,16,155,1,Bus,5,0.484,0
952,M,13,R,150,30,149,1,Other,20,0,55
953,F,14,R,174,28,184,2,Car,20,0.391,28
954,F,15,L,160,20,160,2,Bus,20,0.499,45
955,M,16,R,183,25,218,1,Bus,12,0.338,32
956,M,12,R,166,26,172,1,Car,5,0.31,30
957,M,12,R,141,21,139,1,Walk,2,0.68,57
958,M,12,R,146,25,136,2,Bus,60,0.86,58
959,F,11,R,141,20,140,1,Bus,45,0.4,47
960,M,11,R,150,25,152,2,Car,3,0.328,37
961,M,17,R,165,24,179,2,Car,8,0.365,40
962,F,8,R,123,17,118,1,Car,5,0.45,38
963,M,14,R,159,24,159,2,Car,10,0.25,40
964,M,15,R,179,29,160,1,Bus,15,0,0
965,M,14,B,152,29,154,4,Bus,15,0.28,36
966,M,9,R,136,31,121,2,Car,2,0.75,46
967,F,13,R,160,25,142,1,Walk,15,0.438,39
968,F,17,R,161,23,164,1,Car,10,0.729,46
969,F,14,R,165,23,149,2,Bus,15,0.702,0
970,M,13,B,192,28,182,1,Car,10,0.479,56
971,M,12,R,147,25,151,1,Walk,9,0.31,29
972,M,16,R,181,28,190,2,Walk,13,0.42,35
973,F,13,R,158,26,156,2,Bus,30,0.51,35
974,M,18,R,183,30,183,2,Bus,20,0.265,53
975,M,14,R,168,27,168,1,Walk,10,0.573,41
976,F,14,R,155,22,94,1,Car,15,0.39,41
977,F,9,R,141,23,145,1,Car,5,0,45
978,M,13,L,156,26,156,1,Walk,10,0.23,70
979,M,11,R,157,24,152,2,Cycle,15,0.49,67
980,M,12,R,151,29,159,2,Car,15,0,34
